"p.wallet_address","p.social_links","p.bio","p.display_name","p.title"
"11fx8xKPNd4zVSBxkpN8qhhaGEmNJvPgKqwhDATZQXs7dkM",{},"","",""
"11iahZEQ6qDFWHENAnDMXV9WVjowT6hpaDtRXx8YkfLUwSM",{},"","",""
"11ni6tCMDurCb4x5VF6e3t4PZP6QbHeqgiboTJetFh56Jd1",{},"","",""
"121Rs6fKm8nguHnvPfG1Cq3ctFuNAVZGRmghwkJwHpKxKjbx",{},"","",""
"121avdvM8H6BUgxFrg8fVT5mH346XNYW5YEwdo3xvLnhL9rn",{},"","",""
"121dd6J26VUnBZ8BqLGjANWkEAXSb9mWq1SB7LsS9QNTGFvz",{},"","",""
"121frbGLAKaK45HTU3b4aXuk62Pd4maqdg7zVtir7AM7oSxv",{},"","",""
"121k35TZKEpoQeKURnEgt2zqWsyDKxUJkTFuwpZeLoSYUe7o",{},"","",""
"122TV2pzU6s26ZuyfUgGtCopfLLpisA5sfGcCty1miYemRmQ",{},"","",""
"123LuJKS65HaBbLSdDS46ByeC7bvQwA1iUhTpmjigQAfUKpK",{},"","",""
"123VwdDkJeUd8K1g9gS5rZHKy1vQg1N64ZNcYYBk2J5ZEkfs",{},"","",""
"123aanTyAyypSRVxEyRGB6ywfJByZVxX6vknixn6PqASwiR8",{},"","",""
"123jNGxHk9ZV7oVVhFWFtMghNpmnmmTWxSpNxf8TTKzmCSQ2",{},"","",""
"123pYCw5aNWz87biK8C6sr9DjKYqy43Q6aQJByj5GdXssgUY",{},"","",""
"123q917G2WyRsCxKTa7DFotXcbKhG1b8SzNY4x2wjNaEuN49",{},"","",""
"124V9Pubyn9WDftsKZLNe5TG7GY7AZNwkRkhXv3dYHH22CFP",{},"","",""
"125PJW99jsGhULSVGkKAi5YKjCH9ZcfX23Htttzmevu6p7fG",{},"","",""
"126X27SbhrV19mBFawys3ovkyBS87SGfYwtwa8J2FjHrtbmA",{},"","",""
"126hGxZhDxWC4wD38D7yhq9GpirnNNhDQpzRzXMCMVCrH82B",{},"","",""
"128fHaGJDKeXNNjqamUTaLe5dpU41zpbBaQA6BW9VsPKpkH6",{},"","",""
"129EYiTbv2J4LkYqRNssUfMuxNLYN8TW2LgfG1Gqyj8wCcs7",{},"","",""
"12BJTP99gUerdvBhPobiTvrWwRaj1i5eFHN9qx51JWgrBtmv",{},"","",""
"12BYYgmRb5BjHjZf7nykJDB1C6FXTfqr9QSmrav8RHt19ahj",{},"","",""
"12Bv7xb9tvDKV8VmAZyHrHVtp6pPZiUBSFNdG3jhRC1Byb39",{},"","",""
"12C8pqkWqPvG2EFpxBZTMkcY5GnRJgZZr441DRBfWHfz5k2d",{},"","",""
"12CHAK3YxJG5pGW6JAGp6Daj8ruRfPwCNbPM7jU8mC2zh2qD",{},"","",""
"12CVCuLSreChmToWLpFb15CgzehSNrUJ29wcrMZTAZZN4MgT",{},"","",""
"12Edi9rmcgbJDDRkrZ789zfoKGr9stJvRxMuSmQ7yB7E2AEP",{},"","",""
"12Gd5utBUeUSgwUoaE8B88u1Uo42YN5mvaxcWowLCVLiw2mA",{},"","",""
"12GkpkHocU4y1vFV2CpnA2AhkjzGGRtwucHFY77A5yyiQKp5",{},"","",""
"12GmYhPx8N84zr6dX9duGMpPinBR6vni823htCBu4ZEKCVE6",{},"","",""
"12GvRfGYTXJJZfEUQGc5s3BvuQpkcQTZYZwWpbFkzSyhCqZh",{},"","",""
"12GyGD3QhT4i2JJpNzvMf96sxxBLWymz4RdGCxRH5Rj5agKW",{},"","",""
"12K7AbU3KTXYznR4HQicxuBK2Fz584bFXHUFj5vQwGoyXEjo",{},"","",""
"12K97oseeBxoWnyYRU3DJkxKTiDGFBh1pK4jLyuUJzYHkqdD",{},"","",""
"12KXpejnUXsvmUpgQe5Jc5uQZ1efD4UrXf3F4cfTP8N21XEB",{},"","",""
"12KoJkx99U2dPnZWjjgMhRT8SvVgCukktwoNLDBhEqGmpQa5",{},"","",""
"12KtsAPxy6Q8EJZvBBWfQDW2pfm3jJd7M8523FKjFWHXKjES",{},"","",""
"12MkszCEjk6b6GVWNVXC3N5g758sAhxJHtz5kMtD7vvqGGvQ",{},"","",""
"12MrP5kXFvckQUTN9Wu4LKMoCkaeqG5mj8UqCBn7dKVQhgbu",{},"","",""
"12NCX9ZK1z9fxBfRraD6L4V86EmPipSerHnPcsj1k4hSkszg",{},"","",""
"12NGmpotx1WxkZ6RrqZeMBerBUB2aa2fBCrhSPvbAJWAcF33",{},"","",""
"12NLgzqfhuJkc9mZ5XUTTG85N8yhhzfptwqF1xVhtK3ZX7f6",{},"","",""
"12QJEZyprySLEgobr7R11nt2kigcrqHgufmn7zipC5sSu6TP",{},"","",""
"12Qn81nJ9DAPxQ6iz2jPxLcrbcpveWFbAAyvDLwnAGL6nPjG",{},"","",""
"12R6qGpLSEJZJFfnPTeC7c18M6TaxVH3MnARNdGfQomCsbLn",{},"","",""
"12RC63G52VeBkLhPxgVcieMG7Fwr1Qwu4q5eKUwz7KvD3228",{},"","",""
"12RG5rr9Qg3zrujwWRx2yJQJ4XyFnLVzZqXtr9JSxsMRGTEQ",{},"","",""
"12RizKCwbZxbiUsTBr36yUj795Bi6Cdsg9XTEhYZRH8ZF4AN",{},"","",""
"12TA6UQz1ruT1T9MeHATaaXMLypJwZBRhsk3Jw4ayVY9UWcD",{},"","",""
"12TEfbMopdBusJocKBiS47EyEK3hVjJ181PBWTF1jtk6bJQz",{},"","",""
"12TiFEWX9GRhPF9NRgBXZcmypzeuptpCnzN8viyMkfmT7Pa1",{},"","",""
"12VpEWKJVwxRiDd8qjNAyEijS3CuhBDhiYnhLJc7ANfqmVJM",{},"","",""
"12W9pufuBpCBtKTCFrBwAsqKCFgxoXtaw1sKsPqFSijZ4sc1",{},"","",""
"12WKDN26GELestXjwPDKTrtwdaf5yuuNb4Guuc2VUNTCP3vr",{},"","",""
"12WPCK5gaQsvwzvxzUtkfhbSg28eN7hApZsAUDbDisdP1BB7",{},"","",""
"12WQMLv8itdKJ83R4y3qNGYCRrsU6bFjyd4ZvcE4tmJoSiPv",{},"","",""
"12WarfbFeUm5L9Fs5zkTaQQH7L5hqaGPEgM9vQ1UFK8kiUSK",{},"","",""
"12WdqGgMaXe31Z9YNDoWfyb1JqtzCmmLW7hYfG7rh9rbEpyf",{},"","",""
"12WjZZxu5pDMy2ZfmTsVDFn71Xvi6LVbTefqVCt5b7ukCE9E",{},"","",""
"12YMJoGioHTabgPT8BXWPHtUHVYLxRejbJGM5pkxyhDA49nH",{},"","",""
"12ZQ4r5QQXjbi11ar1RpKH3cvoU8XWy4W8engkcFqwUV8HnT",{},"","",""
"12ZRbFQf13e9EptPXCCgPoCFdbR6fXKs8K3Ka6nce2avQPfj",{},"","",""
"12aoZXwbUzsv3z5HF5HCrtEwBJYCeKne6rYsxFEKDZ86Wdv8",{},"","",""
"12b35i6gjXhMzYU7Dy97RngXbuJngDJ8oeY15aM533mmqGaf",{},"","",""
"12bEk3M3EHuvQkXSbj7UTcusc22jtxSwj4qKMsBiEp6UYPSh",{},"","",""
"12bFooBAK4hHUfiri7v2Eiz96v7TDoiLWdNKCFYmhWzGG1Tq",{},"","",""
"12bLdVAgWiKHgFHtAaQstasMUWVq35oG9iwHCwsKoFFNoNrk",{},"","",""
"12bMyzdtiT2V9iNJ7BzQXPmzZ4KTzqFmZPSNeBmg97mFP5F4",{},"","",""
"12bqgqerfH21x5hv85AJ9AiNFWXVmBLDoCvmz78MD4fgEP7Y",{},"","",""
"12brenJreRTd6XsBMo3Ptu5VMUUycC53ipDxUy9Mvb4L1s1q",{},"","",""
"12dSASN7Pt4JMXY9xDeAUqQYjHbdXmfVhrWMa9eKGpFn4H9k",{},"","",""
"12deBRMydnmmK2FMqMa9Zr7aqYRPJKqKsQ3A5LoLV6M1aBw1",{},"","",""
"12dfhcohLeAPzFnTU1qCFQpNuybEtL9sLi4F6TXBy33J9JQJ",{},"","",""
"12dt664RtnYbeiR1D45CUPyHk1Ufv1NEHFXkuRLy47FktR31",{},"","",""
"12eMZTAnXEsyedXmsB6jDVRnF9Mq8ZrhLefRGhxPE4JwrPAS",{},"","",""
"12eW1PVGPxZLGkEEMDg7bCeTS4gcgjYFqtokgz4hJXBcf6fF",{},"","",""
"12eWtdVxQ9ScYD9AzyMuSsX8B9iEikWtUGiirJ1YJtDCCuwu",{},"","",""
"12gMhxHw8QjEwLQvnqsmMVY1z5gFa54vND74aMUbhhwN6mJR",{},"","",""
"12gWb1R61chD3PDtNLba2d3hytHuSp5WRGnZaj9LzArP7KVs",{},"","",""
"12giS44Bqe4KEjpqA3jWpfvB4kbNHc9ZgWRb5LSfJMs4KKBr",{},"","",""
"12gtd5aZFsL7sahXPVuf3PUnJGnRPhLks9VZip1VGbNHci5A",{},"","",""
"12h4KyK9qts4zMrgZgWPswnpVyhXU7XoZA5xDqoFAQ6JzkD4",{},"","",""
"12hAtDZJGt4of3m2GqZcUCVAjZPALfvPwvtUTFZPQUbdX1Ud",{},"","",""
"12ityiCM6aQa62aoY18UTLpmQVozHCw1ZKuvFF9XQhseNvCP",{},"","",""
"12jDGSKkmiicJsRjHcZF43SVbrft572JAzfsKbH9pvoAsku4",{},"","",""
"12mP4sjCfKbDyMRAEyLpkeHeoYtS5USY4x34n9NMwQrcEyoh",{},"","",""
"12mRyiCp9zdh1wEVW5gLLiFBxDPKks72rRXmSupyEK3VAMLf",{},"","",""
"12mcdVMALop69UBkdZSRkC2vDeBQZ73HwaNUSz4pVtuMtBxq",{},"","",""
"12ow3eJ3vbjeNRahUUrBnc98mWeJTSQ7rJCAVqiFQDEnzbu8",{},"","",""
"12pDATAH2rCakrYjo6UoYFtmTEUpSyePTum8U5x9QdySZuqn",{},"","",""
"12pUXtKj7jD3yaxnK6TWKBsxS1JpLUceBKZKMPMH6RiZvjr4",{},"","",""
"12pdBf9NJ2jqRHdVmtqSZMRvWQoiH81AfaACgiMuXLeySNzc",{},"","",""
"12q4FAQSUuPMmxF7WaYh9ch51vSaYvJpCw64w6JKVNHjyqJA",{},"","",""
"12qvLj6Kdh2nqp2FbVVdupWrq9R1F9ocRUwXvSejgp5Uf6Nf",{},"","",""
"12rpF7eUC59kU7itRe3NpSTQJroK5YiHfn5c4bT21BZxp257",{},"","",""
"12s37eSMQPEN5cuVyBxk2UypUHntwumqBHy7sJkoKpZ1v3HV",{},"","",""
"12sNU8BXivMj1xQmcd4T39ugCyHjmhir8jkPqfAw5ZDESrx4",{},"","",""
"12sYW5UoPPmSn7mx8DYCbsWQn3FJBxGn3fNdEkh26DNqgoWB",{},"","",""
"12uMmwxjpbntEkvfHDgb9Kdpeo98LNsj7KRLKMMqq4BdG5Qz",{},"","",""
"12uXLCZZkprwRBhfmhTXdfQE8faQwgNpS76wwmnEbgDwWB9e",{},"","",""
"12uYULCstsq2Nd5hmjPidnSQGDcy4WJhLFw9qJJFEz6tEbiQ",{},"","",""
"12uoF3PZxDBURLVqj5DAJiyUADiqdCYwhq27wAmr2ML1L7fG",{},"","",""
"12uokSRn2hmEWPZuzHK1xqnFxRgyoApLtXRBd4jFan2x2T1P",{},"","",""
"12vLtKDK1LWvSsGovovZDSv7yzHoXsmhGa67CeHXW4zhThNP",{},"","",""
"12wWLUd5qMzLFGqBsMnHLVFeTuYJwuo5ygMAxuSywrBX1XSF",{},"","",""
"12xLiepx2ZFvWdnhMBFzt4wUeB1Eec2MhTxLvFkE6838Pp4H",{},"","",""
"12xRcHjvStkUYgzTh9vyqinN3tUpddgcPnSUcLXZ3ty44Mq1",{},"","",""
"12zT4mjRRAc1vD8M3rhpQjmU6BABN4jvUUYqrvbUdd85nRTy",{},"","",""
"12zYtHDzuqiwetHyAZQQkjfsstrurxxredUzt7dMX9DLqF3N",{},"","",""
"12zZQ8YQR4cCECtPeRnjJyztTknUDi6BARXCXGvTK97bnfF7",{},"","",""
"12zdkKxQqsdNXPJ5oDgLWtgRzGjhoKiShhkD26tXj8mPjaXA",{},"","",""
"1316cTZeHz8HtEjaJRHu8sHbp9brtUmy2LiP74KZXgXhifry",{},"","",""
"131JKfT9kNvKjp5NJY2jHZmb32wjbr6xDHuCt4zHapWVtDde",{},"","",""
"131MpMXeuKG6L27Ye23uzWr739KFbbrCBdiv39XZtnTCPwQB",{},"","",""
"131RHY6iCnd9KrXuwXr7Pyo6dWP3k3rY9UcEqkG1eB9Uk9HJ",{},"","",""
"1333zsMafds2sKAr8nG3zwXTCHPYv2Nm6CRgakpu6YVGt7nM",{},"","",""
"133BE1QFPWH3WhryCyV4jd8zHx6p8ZsmgbbPC1oH6WyKJSy7",{},"","",""
"133VgJJgp1s9wxLqgCFxYx6T873hZQNchJM9tmbU6NkYaaqW",{},"","",""
"133uT5bf5xz8xMkCmwVBWpeHjN4NyfvfqwdpXu2oZnn29kEG",{},"","",""
"1342Xpqiwwmxnhugnp91d21xR7s8V6uxXQJ1xYBQfUwbvgDB",{},"","",""
"136U57RPmcjuJnwkapyYpGhBeaDZnkViEYjgoCSYBtZcExVr",{},"","",""
"136gwPTVnZKKPhrv94BriGxPRvWAK31qyEHvEXc2v7rvNq2b",{},"","",""
"138MRRCFovYvetAhv37SnNsZoCVyghYoUArhBzMzKFfFGeMP",{},"","",""
"138siv7njrEseHn9Wr9oT2fvY5hEogmqN3K89yAqe5ciNJ1h",{},"","",""
"139Vbu9X3h4v7NTBVSpLijAvpWUoGhYwKmeuxaSJ9kQsD2SG",{},"","",""
"13B5YyS8u93FKbZYRFGh1BFwYjn5a8zhAJqEXtAWNmY7HzEu",{},"","",""
"13BD4q9RYQtxkUQLvyCksnN9Pa7sC5fGj5dcdxpojxGkoHMp",{},"","",""
"13BcnhXmhxGN8JGA4bDF1uRY3orv5869xGdH8Wg4sqGW5WBy",{},"","",""
"13C9iYBpvL8mRapY9ir1F3RRAcQxM4cBcn5Sw2fW4XBdmHxP",{},"","",""
"13DsCRyo69evQMWz7KGKnFVw2LnXVaVTT2wBgpvrdK1cXPQh",{},"","",""
"13DxmMjYqto1AWsMUSkN8JYNHX6d2vBhuSmapB5iYnEiYaxX",{},"","",""
"13DyqRZg7aFuhQmW78MhfcaL3FBPYC5FbPXqwutnJpKjkTBJ",{},"","",""
"13EAhGcpe93mqSFZQrQ4P2cfpdAo5txWc5UQVTfEKDoqZjhw",{},"","",""
"13EDmaUe89xXocPppFmuoAZaCsckaJy3deAyVyiykk1zKQbF",{},"","",""
"13Ec62Cvw9jmPxA23EidSwASPs9X2Vohqv9RCogCfDvXC4c8",{},"","",""
"13GWBPM43rRAnyEU5gwbUZsnaDyC1ZChvMfCe546NJjaJeKs",{},"","",""
"13Ghf2T883ZobjngC1BAgR1BWvK2P7qP37gGxHDVFf3fjbmw",{},"","",""
"13GtCixw3EZARj52CVbKLrsAzyc7dmmYhDV6quS5yeVCfnh1",{},"","",""
"13JZnu4eh5LwVU12BCKW8fcXJQ6reTWYWhxKC7qY2b6JeyFR",{},"","",""
"13Jpq4n3PXXaSAbJTMmFD78mXAzs8PzgUUQd5ve8saw7HQS5",{},"","",""
"13KLgU57o99LwkhgZWMeWPHSs33NZ5hsXEPUF4AptChd1uq7",{},"","",""
"13KsrdjxiAYrK1SPeEJ4sFSL9tFZfHqn8xyGWG9REPzZsJJY",{},"","",""
"13MNarAqpNkginnQb6gTNq2QnieZGs2SKu8JdK9LLxo6ksEP",{},"","",""
"13MPWo2M7Cfje9PTHcd8sxqaPp9UuZy8tN4Tr8WHYwJsjUTQ",{},"","",""
"13Mqq8xR79Fic9nXLPDnocgWsi1Xodbfs3eUPP2wnn96d4jD",{},"","",""
"13ND1s6b8BgbH64S7wYniA2hvpWPLXXwMqDjGct6SQjAAjG5",{},"","",""
"13NQkqy2N8bvdmAQxmVHQYzra996ex892md14VSWa1fwTfKZ",{},"","",""
"13NRkBCD7NLkppxoHpYrUQ6GcjNpZEWCeXFjXDgDctANBG9j",{},"","",""
"13NaJYpfLNtYzCRLnCQ6LPyUajQ5LQf99X6FyTLwfC1mTsp6",{},"","",""
"13QdJvnJgfoitjrxESwrCWTaLMN8KvXxufDUucXM6EWGuxqh",{},"","",""
"13R24HAPL3xhpYqqRMtU6WkCDkn5if8YMbvKVqgNi8orF4u9",{},"","",""
"13R4z2pR4xdRWuyYMCSG3XFvYRTYPvSg9yyQ3Ku5ZNi6v9QV",{},"","",""
"13RBN6UF43sxkxUrd2H4QSJccvLNGr6HY4v3mN2WtW59WaNk",{},"","",""
"13REFd4MQCbifonSrog5oRz7M9FPnaHJxbCYQvudjBsQqTw8",{},"","",""
"13SceNt2ELz3ti4rnQbY1snpYH4XE4fLFsW8ph9rpwJd6HFC",{},"","",""
"13SkZi7knHeJT3tq5EKsEsf9hWCtKsJSokKnqA4itT51yv1x",{},"","",""
"13TLpsWs2t2e6iWh9JCSqv3gEjgmBMWdfKPo3UMQeaqLap4k",{},"","",""
"13TRAXTALwNp5vApqwiE74fg8G8ypMyaF9TxRfs4RwrCwxUE",{},"","",""
"13TZMkzb8wqkUiGyU42RKY3gkqR1WnHeGw4kqArfs1pfPD1n",{},"","",""
"13VpBF7kGxruhH2K9w6Pmu5KthnEsSQfnHBwzoDJFy1SWSVW",{},"","",""
"13VyvkXX3dYyeT7oAmaipZYNHzFJXofC5V8eqMuzd1isXY84",{},"","",""
"13WGadgNgqSjiGQvfhimw9pX26mvGdYQ6XgrjPANSEDRoGMt",{},"","",""
"13XtVcfesdxi5GCvNDbjcEHhW7XvSab9V7Qete2zm9hHpHVa",{},"","",""
"13XyQmXyCtMaVMmA5rBPEashjjGms3yqbTvepXHKcnf88vpr",{},"","",""
"13YMTEPKAxPRiyaZdMKrozeNT9x1Pa5h7aExebCdi6nc3Qqd",{},"","",""
"13YWynHAu8F8uKZFbQwvPgJ67xizvo21HCEQU3Ke8z1XHoyT",{},"","",""
"13Z2osh46mr4fJNSRcgZ74KDxEveCtGo3Ao6BqFxLjWm5VV6",{},"","",""
"13Z41Vh5LTZhXGN6kXGBpfw3Bpt3PYMyM4rKr8hL3wFeadK4",{},"","",""
"13aYUFHB3umoPoxBEAHSv451iR3RpsNi3t5yBZjX2trCtTp6",{},"","",""
"13asxHxB8HDMzvqaWPacPJt2FV7MaXdzieBx6P4AkXsH3wqL",{},"","",""
"13b1ppco1mQLBLGX71zBabh7aUaEvqQVoSWhQmHGjWwGTjxM",{},"","",""
"13b1wQcZXhWYxjwY9jdJkyJZu5p9TwFEXZnSEBPhca9kaAUN",{},"","",""
"13b3R85TXcZ27fjxnkoxiYJPVqn9PWuSfxpWtffodoq96Fbm",{},"","",""
"13bd52tiEw7SLqh3KSrXZgcbomV1QAjZH51yNvH8saVBvSsx",{},"","",""
"13bfKSQXoBn3AMLtZaW6BKv797fqZzsD3PYF6xpJDir3tdoE",{},"","",""
"13bicqCGUXjTVT2wPDefjubq6FxnMYzcVfYtCcZMWbyE4zA5",{},"","",""
"13dK69dx13gqSfMvB4NrDhVdbbqh4q1CYrX3piaSxqQe72ZF",{},"","",""
"13dV6obr7X382FGNhWLHZ6v7N3qxuBV3zttbrEarehnGWyKU",{},"","",""
"13dvnkSe9okK9e6pECP1pZRyX2HTUcLwKx7DN6qb3LAv65C5",{},"","",""
"13eB7Q6RLv57Wn7bwE65ur2pyq75nYw2PvWVXt6SuBV5cBGR",{},"","",""
"13ezbfrX5PRUAozxBmjV3L3kxX7qtPgkgEfEiuyB6S5MTxfm",{},"","",""
"13fvj4bNfrTo8oW6U8525soRp6vhjAFLum6XBdtqq9yP22E7",{},"","",""
"13g4yRs3NbtaXyu1Uww8AXd4uvrqXyR1hPR4jejRLv8rBUyB",{},"","",""
"13kzfkXXF7nSCzaMS2Eok8scDS9jZk89yWyfsCBWvDDJKaZy",{},"","",""
"13m1rnJf9MPFKwef2Vc2pXYffcZhoGEGXxXFew8X4Dj96FcA",{},"","",""
"13m9X8g48Ej6gyy4BQGwFfTU3eLLwvvFWj177bUymWfBo6oT",{},"","",""
"13mEX6UD8t4L8YfsUxE8QjYFDkfEkAg2QpKWqKEfg5gZw3et",{},"","",""
"13mHemgP2hymiW1d9dWKGp5mhLNWLHVRRmpvuChQq4DvTeBv",{},"","",""
"13mm8mjuALSbyvfjfso22eexuFwL4MqMrcw1w5To9L52yb5h",{},"","",""
"13mrRC7BgZzK8yhr7e1XxDZc5PRTJxvVfVzz93TxugSC1yJr",{},"","",""
"13oPHqA8Us9duK1tj5ozaUrgt28bRLPE9YAoqV1zCZdWQncH",{},"","",""
"13pJ22nWEk9mhnvjHHG6hMT8Kfvn3nH9gTmCXHpHAkoVwYnL",{},"","",""
"13pd2joefHGNxvma5H61q9Ftx5bWjUzxQv93XCvyRjvYsCaF",{},"","",""
"13pgGkebYEYGLhA7eR6sBM1boEvq86V9adonjswtYe1iDK2K",{},"","",""
"13q3NEbcSepgVbCyN6XLQtEvyZuAEqDUPLiuX2iydaQrwDCU",{},"","",""
"13rR4nr2HvzqQjDMVSmkYverHBxoMKsSr2WriGxwKxG69FcA",{},"","",""
"13sQfeMZrFvTsQVYXGfanjH7F6P7aEb7NHD1GcneS2WncaX7",{},"","",""
"13tsQdPC7Q5Sboxd9vcJbE72muR7bdqmzDLKjGW12cWbzNjr",{},"","",""
"13u5odFdy7uFmRLpbgtYGWeFy8rFkcD3bYfad49B81C31pwL",{},"","",""
"13uAdM2FWrxWnxsgHvNDKTqsz6LEepWvEivynWonfKkoPie8",{},"","",""
"13uG6VQ9JBCrxufGGHnh4NVdfso7oXjAkPEysEKkUzkZWGaD",{},"","",""
"13ug3JKbtky4qcZ2SR7kbCrk9tyZMymHxLhPBGLacPmonmEW",{},"","",""
"13uvpozMRF7PCGbgPutm852Jt58nNBVUPdMFEQg5m7d1w8J8",{},"","",""
"13v5yLZz3HjbPtrqjccYdJemUaS8EvKQYT9gd6j5YZyTjjDn",{},"","",""
"13w5qyCGFJaf3mdcWfCK2RV6UhGafwD23j71DBa8Yk3K1k4r",{},"","",""
"13xBgUxExJtiQkDNwmkXf9tp1ceimmvLzketirkR3gCFbDfN",{},"","",""
"13zKcScTyChfVg7fHyA6KP9LxuzaJZy1Capb3xGKbcq7eP94",{},"","",""
"13zTcqasJT4DnDgNjmsceACcuSjt4q2geEjtMprnGXCnuuh1",{},"","",""
"13zm7cVKKtXmU1iDdSikc3KJjbfJGZRe2sMkG5Lt9DDKR7WT",{},"","",""
"13zuDBwTWpEp5ZLiDV2KWWhHnhc62SGTqkKcw7ecg8hzXmqb",{},"","",""
"13zuZu7sZXx6tKkqVRwN6Gq8jVS5eE9y6a6AwYAZN6MyVD4L",{},"","",""
"141NGS2jjZca5Ss2Nysth2stJ6rimcnufCNHnh5ExSsftn7U",{},"","",""
"142F2kcoHsG6QXf8aSaVk5RCKQDw8zDW147u38FiFXQCn5YL",{},"","",""
"142kfgBjvEmbxcc5Stm647UGpb4HZ2iYR5TsZDwAy3tkkV5a",{},"","",""
"142zGifFwRrDbFLJD7LvbyoHQAqDaXeHjkxJbUVwmDYBD7Gf",{},"","",""
"142zako1kfvrpQ7pJKYR8iGUD58i4wjb78FUsmJ9WcXmkM5z",{},"","",""
"14333MZvbGkcq5CZ8fYHZiFYwHNDaW3uiErDKMb7oqnupWXn",{},"","",""
"143A8aK5Sdiyw8eHMbGKRWz1VdKg75BG2SRVXTFwyHjuujCE",{},"","",""
"143AQdSMcAeGtkcfVCyr7vWweNgugseFEdxw1wgQsuizgoMV",{},"","",""
"143FppLAgb1KrvTRfkWKnozBeoZsZrhRr41gSBMyUDkUNT8z",{},"","",""
"145pDKmyaeuuaJapT1sEA7bHhABrvMc1bXcY3i9gCKfqaPpH",{},"","",""
"146ZZqm2cMHLf3ju7oc8M9JnPaAktuADAKThagKnXqzjPJbZ",{},"","",""
"148QEzFQSJF7iwxENHaV6Qe9Y7Y5r5JQew3nVAJNTVTdK3Jh",{},"","",""
"1497fpQ1HztHjD8QD5SPKaWxPK6ZHPau8cqwsvBMyzqVujk8",{},"","",""
"149AQApEw4Xe1DxWesqywiuGQHazbETMgWgT89WjEYFAc29y",{},"","",""
"149E398miYahbDHQy1djSf9bxmnJvEH9pkUn9j8vtJah5nf3",{},"","",""
"149FXUmHgg75z4sk2LzFDyctNLHhzf2YxGMFHT7TakkbeQ7F",{},"","",""
"14AzJMQR8Z7GbyEis9nRwBswviwZzuCgoMdxN41RsWU39mvf",{},"","",""
"14BAh9QarAD7S8t6TKt2oVoM938tm647UJWHrp4KDf5qHZZW",{},"","",""
"14DDofWN1JuYK6BTVrCwgqy2AvNr3izFA1BSr9RAdJQPXBbC",{},"","",""
"14DJADQdE3bUQMFsjsejwCLiG1tiMDsFhCCiXavyBTKHu6kr",{},"","",""
"14DNg1HuobydE4BQ4jmy4VsuupoUzmhrHhAWnGpuXVZCZ6ig",{},"","",""
"14DfY8Hsg4bSU6Y9VaxL7aRhwfAfHqRSfj7FfHWUwLFV1V7q",{},"","",""
"14DkrxLthUsM27u8gU5XBFhdUbYYF6bXugLnAxx9yZEzPmrV",{},"","",""
"14DsLzVyTUTDMm2eP3czwPbH53KgqnQRp3CJJZS9GR7yxGDP",{},"","",""
"14E23RAGDDkUQ2xMX8UvQSmBh3pYbArtqUXvN8X9nrStjSCs",{},"","",""
"14EHc7cnESfG3b1Zo1zD4v3cLHxY1mtmKXAUMu9ghbfEJTPL",{},"","",""
"14FrZ3AExfXyVkAS581Biz1nYKSA1hYunpS9b7h8AuSkhjrM",{},"","",""
"14G4HjbrxUovuuFE8dxW8ZEzQXJNuU8BkQYLzFUegvvyF3rp",{},"","",""
"14Gn7SEmCgMX7Ukuppnw5TRjA7pao2HFpuJo39frB42tYLEh",{},"","",""
"14JdpfqnMpJkJfrPjrzjGCPSgabk8w9QCVhJRgbMy6hHRLSK",{},"","",""
"14K5BeQDAwETVu9c7uRnxixW1DRefrbawD8yima2Mv2nR651",{},"","",""
"14KFrNTZHEWthBZyTYW2tozBaXWi5gHKd8PunBkCBWF8GXy8",{},"","",""
"14KZ8VnmvtW5ULkZechfVeJsUyKNqFazjo4EoRWz3cfJDzur",{},"","",""
"14M94kYk31k2hY8MpnfNPRviJ4VcsFFjBhq7V2Fs9DzCVhXc",{},"","",""
"14MTdyeDMrmHsCyutJubMKXaCdZk4nxsTgCqrZTiGoP4wMRY",{},"","",""
"14MVAs6jPc7bPW33fC7eTwz4Zf1pD3KWW4tQtrHWUd9w1Phx",{},"","",""
"14MY5bH76Yxi8s3Ujgpgehh7aadfyKL4eW98gZgXYDZGgpLX",{},"","",""
"14Mm2Pq3N65XuUXd4JytgGLwzeuJMzubb29KXCjEZUu5YUW5",{},"","",""
"14N5cTFuzJf6irrQkKNAjiADKsCxgk48LUKx2fA77YRruzMW",{},"","",""
"14NFZdJqTmQVA2dC8WdjpjVyyMxn4rCK8KPTWhGGRZknfhLs",{},"","",""
"14NL5io4SPtkuTj5b7HEQTJPqRmPbPzrMPcDgv7xwG25gBZT",{},"","",""
"14PiQ7uar36zPMgEckA7qWUahYheavRL6NHCbUCkXXRNrFSc",{},"","",""
"14PikhqPmGomc7zbCSWVyjGypbRTKvRK9y4fp2uGAZ3DVXZa",{},"","",""
"14Pn8sUxdEMgFRDgZ5J2VfcUVMLaMQhst9XuvCj9mKJYUAN2",{},"","",""
"14Pq1NSHw7mETiRL1NJynx981dPJmzJvS2uVevMxqPXxU8Ly",{},"","",""
"14PsgmyccikjG5vGbxib59qDKa5yFRcMvjPF4XUH9TpYaTVC",{},"","",""
"14Q5M6LWDVCPm47sVvz6M6YAEsEi5u3Rszh8z5eC2bhL9Upk",{},"","",""
"14QG9QbhSgwixtWqhSZbeed89zimnhYt7HcA83uVZ2hy824e",{},"","",""
"14QLoJzkneWvzWcLKXnnr32h9q66Cp8KyWSQvwhfxqpbNRh5",{},"","",""
"14QQcaXERr6kzwW55L4GKmN8tC8NJRoGt1jF5D8GMWoXdyaz",{},"","",""
"14QVZVSc1T7Gi55EL25LJfN5xDuCkdRNwPda4ZUvwMvJBC2g",{},"","",""
"14QhzKsxmrECK8EDpLzzep8tWcYMUPYfXGfmgqM8cVtYRJjJ",{},"","",""
"14QnH7HPjZdzq1SiXwcu1NKsdQnTKn1QbKXon9ebWieZoR8i",{},"","",""
"14RYaXRSqb9rPqMaAVp1UZW2czQ6dMNGMbvukwfifi6m8ZgZ",{},"","",""
"14Sbk1RvKa9x7k8CThWoEYKA21LDduRbcivnzkDdm2WnDutM",{},"","",""
"14ShUZUYUR35RBZW6uVVt1zXDxmSQddkeDdXf1JkMA6P721N",{},"","",""
"14TBcRgp166DXvMv9ZCJbKSqanUGP6tguryPQcaBqjQp8d4m",{},"","",""
"14TBj11j7YPH9N3YSpVBUrrxNaLY8Szbvj8pWNHpdkthA7ff",{},"","",""
"14V7E1yX4HE6LXu2f9ubLuJ9o8N8GuwUyUEspvinuZsVPpXi",{},"","",""
"14VUv8UR4uGsmXttUc2wzAtc3jV3zktehUDwcTHi5hB96TzF",{},"","",""
"14Vb1GRRERYeSXyJWqNshufpFqSQpVSCsmuQcNdVGgoLTURy",{},"","",""
"14VmZsJhCMDaGDtbqBENo4q77jVeGTeGaJk7AMc8bqiHDn4j",{},"","",""
"14Vt9Mhawrx2cLk1GRr6vjaDVCttEuzSN8onrciWDkrnHCfD",{},"","",""
"14WjkhgfbD98TA2SuJiqrnhhPCmpfCFVtQ46Zcr4DEAwegQi",{},"","",""
"14Xp8qTpNxZ1xfXHZvZMCMF14Uutn42eULPiwkC1yNHBjoaj",{},"","",""
"14YJchixbc558bC6D1QjvJATDHvxZGHp4cMG4E99HdCqMBjW",{},"","",""
"14YS3oMnfNfS1BNfLdiRiYEjnJ6xVB2VXxQee5RffdcZ1xYy",{},"","",""
"14YiAL4VorYd2mXUmfsx2hbsx5MqumxdyEVxHg8LNRWccRor",{},"","",""
"14aZsGMA4aPrSuV4MSSpumtYwxuNNrDc3vHu12K85xYh9qcB",{},"","",""
"14aoY4nfAmAGLC7xT89MBDV4g1QXFmDzf5YPSjRk73K8Ryja",{},"","",""
"14av66vARUGPD6pJgJgz2rfd8KXRa5nBV9LCCedcLjJtWqvk",{},"","",""
"14bEKMdGLwGKNTz4BtT7venXZ4RcXdGfBSdEYrJLPNoHRvoK",{},"","",""
"14cFTN4jFFiiL1qszmGKZjokAdNr4YSD7Gf5rhZRA62TrtMb",{},"","",""
"14d2kv44xf9nFnYdms32dYPKQsr5C9urbDzTz7iwU8iHb9az",{},"","",""
"14dC5pCtc7mvRZuUZA5d4R1uxd7w2T8Pj8HsuWJ92ESgRDU6",{},"","",""
"14dE9nzqB4CTGpYtbhVhDHkUnRVrHfiYJjMBf4f4jo9fMEXa",{},"","",""
"14dMyy4Ec9P1ckXYytspzshUJikZ7gT44VN3aq8RuGPkMmX",{},"","",""
"14dhq8tJLJcozBaTGE85u4aTXwJu5xaR6KhgHNCzeCDNcEAs",{},"","",""
"14do91fmVwXh119DY2bwfSTchsyD3ePA3WkKGNzBwHXVd9zN",{},"","",""
"14dut6zGgdVmKijePZzrQAy2gZ6FmMDmzzp7VqjzPV9E4ujR",{},"","",""
"14dwjTET5jJyfBELo1t37gr2uR7LGESPpUhSfdWyH9SL9KyF",{},"","",""
"14fQyjgBWwApp4UCgjeBSN9kRuatUo9FgYd5HR17AncjoW6C",{},"","",""
"14fZpUUDFR35a2ddprFFDoNTouoqwRNE3H3JG9q7KfCJ4APZ",{},"","",""
"14fcqMPHhCtwnbPAHxjsf3JiGsDuLQPGMpndrWawuiAiiCqE",{},"","",""
"14fhPR28n9EHZitNyf6wjYZVBPwKgcgogVjJPTzvCcb8qi9G",{},"","",""
"14fptYf88mjarGJ3gAjhd8YH3Cefdgx4C8Jb6chvJXFszb2i",{},"","",""
"14iSahjHz7zAeJ7rnigpXq1oStxiuR7TajAi2oazHxh1DTYb",{},"","",""
"14iULn6TYRmawsxazqR2xwWVuyDXc8ycGjg7ppJ15qVKctEN",{},"","",""
"14iWWjHr2VLTNW2p5ZzmqNeD1ox2udjsU9VsP5k3murqeNiJ",{},"","",""
"14icei1ZMoG9QtKBFDk4y1eMR756q2TREuRAi2BanJ9MJVPL",{},"","",""
"14id3ENXVkJ34Q51AfWDGcMHA1EbGu8obF8QJLEUkzAB8KVh",{},"","",""
"14igNr9LabUkxmMys8CSTqUyJaHWum4bjBCSPqZPgXdmFTPc",{},"","",""
"14j9cWtbvYid754crk6ieQABGYHtGZozzeavT1jc11bt32ZM",{},"","",""
"14jHouxT1VbhBDw93VW8Z89p139Qgu7ECHz3zxM2CpQEDJDB",{},"","",""
"14jLVudzMk7udKvBUdFwPpgQnFKPpE4GxAYRJpEpokBgdmKq",{},"","",""
"14koZgrZwfv2XdPgxq6nMqgDvrQau3FGV5eR8QMUuvFvh5KM",{},"","",""
"14m6YPTpa64jusibkvvCov4XsxW2ig7Hy3n23GpN9YVTqhUd",{},"","",""
"14mY9eUFJT615yWz2G7x4NP53svJVXvTzdpWDsmaXFAN7uYN",{},"","",""
"14mZVYo7jy13aHTiNMQZJzsii5CPsVEaMQwLXTEMLzkmxKH2",{},"","",""
"14mg5GK7RoiafH7djdKgZKxKewuhj8ds19bqjioaEHR6WhQ4",{},"","",""
"14oHMAJ5btnDCusHrTWraw1wTsLJwZeqPDLxusm1R1Zh3Vxa",{},"","",""
"14oXKeAz6is3wp75Wm3w5SBgzoYNbg7NnX3YPyt2N7T4Jaqo",{},"","",""
"14ogWEsaFHYk1rDcRMLVApekUd3np4e1ker81tBF6odd39Q9",{},"","",""
"14ojxBcoCEacmKYoQopPE9vNo9nhWRAbX88bED7uJP6KKSxN",{},"","",""
"14p4wSm7SF8fQjELN1XMu7Z1tgYyK8Bw4dHwC6KJBW9pvcp6",{},"","",""
"14p8butQMnB8EnwsASkPMui73C9bEX28b5aJuL3uqqu8kmdP",{},"","",""
"14pa2aZaJ2VALYGFeSNW6YWhgPeKUR1R6kscY1bqhnfE3ETm",{},"","",""
"14pa3BAYZLPvZfRDjWEfZXZWBVU45E67HUQEUxNCrdXGoata",{},"","",""
"14rEVPh5hz4D6y783QCH9xgySNJVxMLaHhQKm69KChphYoEw",{},"","",""
"14rQMB1XA8RAK7hhAung8wDBG5LV7ebwkQXtCVD6WQFBnYaZ",{},"","",""
"14rfuU4nVfFyd6XUpVs7P4QxGMNhsGV2r3dJc3U3h7MtkHn8",{},"","",""
"14rg8YPb6NWtYq1ADRaxgNx7tm97AWGpASWe5vLoXYw3Mr1Z",{},"","",""
"14tcxHSTAiZf7M4vcLfFdGkGJFjfx6zDqds5QVyz2H24hKgG",{},"","",""
"14tgusPihhhMRx3aNWjboesaziu967fm8kT1FVj1pEaAk8oH",{},"","",""
"14tivELSMywejX2hLcGm69Cvzxmvxj6eWbWxBcJSNPiuyPdd",{},"","",""
"14uA7Vc828e2Q6oL5GBHP9UzTkEvwqbroERwRmucGrLmPuuL",{},"","",""
"14uLqkHHErahJ58K8GMSeR6183xFm9YM5DtEKT2rZ6veZqiL",{},"","",""
"14wMMjJZzgBn2dBrtdpyVaYzFEJEDNDnmwbYw6dkEAiGhmmw",{},"","",""
"14wVYf1pE3CSWxFamrVT6TTYbRqn68Nbic14sTo13si7YQvk",{},"","",""
"14wbgzqY6w8buJUPkWJPoVUtjFunvwPhS4R6vrahkvNzR4gW",{},"","",""
"14wmQ4KeSbZR7aCrPdtFq3jhxgwi4DpPEdBqdwBeXZHvks8Z",{},"","",""
"14x5RbyJxD6KvNyncbJQuJJJ3zHinXg57YKwhJ7q9T9aJq4n",{},"","",""
"14x6ah3J21QonWASv6QKwqd8SWrS7ddqmMzyRCmGQWMaPzae",{},"","",""
"14xQXJdUDC1pzyt8y3z27ANiUBgP7zTSaYutaLELJoyQrdLP",{},"","",""
"14z2CnmqMX2kcWGp5VT68sovjKXZipjkNUPtaMMnz6cjXW3q",{},"","",""
"14z9waj9WsZYZnkdVdXQNCbiKfTnT2B4SemkDtP8PeB1GEE6",{},"","",""
"14zU4FXuYU2wmi2PfXLADZW92NRYEw8nfUEvi7sqiJLafJ3A",{},"","",""
"14zYzfk9otRrQgkHWvHxDrszdGvYWZdr1yEU61CtdAaRf54m",{},"","",""
"151fSxLtpjaBRLGoo1DQB8n8ERLNR6ZduBnmjyzpypegJQp9",{},"","",""
"152WqfwdjHDwJBKfe85wXHtRsSxhcqGw4Qn3LmTa1ix1mSXY",{},"","",""
"152e8g5z4qyMCtL9gYKgR1onBjrFVex4nD97ky736baWn8GK",{},"","",""
"152qBfrrDGBxxURvM75FrgZ2QR8YL8WhUHZCRCaMEyQNGKkk",{},"","",""
"152wswWPnwr1uLxqyENaesqjFtJcMwLT3dmrpb7KNt1PZ1PX",{},"","",""
"153AFAbg5z9DkvdAkPnRi5wGDmkHMr7ckwd986DcZxf2zKcF",{},"","",""
"153HL95Sjq1g3vs2pNw4zLr39ZRPRrxvgsRhKC5e4dtDwKYU",{},"","",""
"1554u1a67ApEt5xmjbZwjgDNaVckbzB6cjRHWAQ1SpNkNxTd",{},"","",""
"155G4q3yS7gW933PrdxrY4ersg2YhqWUnGC8GUd7NWiZwuKj",{},"","",""
"155HQ6e3AAsTG7JR9zy6VRxAvPKRBz5m8DR3ctT1QJoZZq79",{},"","",""
"155YPYJvGTseePooNoLeHRDUpiVmnn3ZA4ypWiQ8UfsrxTX7",{},"","",""
"155kyRnu8M2GNrB39p3y2jcXrzLys9yFWBwCgEZQTJA7KoM9",{},"","",""
"155r3XfymxTPvZ6HPYYyudCp37fjRCnUwgAcdSbq4sgXFH1p",{},"","",""
"155zXggx8n15H7TRFRG4G7eCN4VhcbrTgTkBXYxdmcCEkf1v",{},"","",""
"158CRCFejbqRJMRDvXrhGjzghRC9csLcrLL2ciXNd4QEjQLD",{},"","",""
"158nWmVA5u3xgRKKthDa5vrp9preHWq2h3AkXUH6CFFkJQ7A",{},"","",""
"15BERoWxrWC61cAb4JjpUdM7sy8FAS9uduismDbZ7PURZLto",{},"","",""
"15D2JM548bqRuE45aDmeF2WqiKC56WtNnRmCxVSree9YKwVb",{},"","",""
"15DCWHQknBjc5YPFoVj8Pn2KoqrqYywJJ95BYNYJ4Fj3NLqz",{},"","",""
"15DCZocYEM2ThYCAj22QE4QENRvUNVrDtoLBVbCm5x4EQncr",{},"","",""
"15DL1EU6TpGDvL8HCNNU2ZDZdbcDUPiHYr1DBHBerUWMkJnT",{},"","",""
"15FsX8EdUftorgXBjtgbdD1NesqVPwfJPL79V5JDvk2CCc9x",{},"","",""
"15FvxWCgCfZVvXzL6WbkfntzNVftTkF1BbZCUS1sf7u4hG2B",{},"","",""
"15G4hfDNtNhRc82As8Ep2YfvpM5xVdX7De3P9qSdHerGA6wC",{},"","",""
"15GKMrbh8q6jpdfSRcrrrCt3ahk9oqSTchnSSe97nDsQjB1r",{},"","",""
"15GRnWczqvcR34dE9YipNQDyWEPFCeeAkw1Xrv8vig3G3BSx",{},"","",""
"15JjdPjP58fHNv6fBhbp63q1JJK6BjJ6gk3EzVJjtfLVYJeS",{},"","",""
"15Jo7phBC16ydF1EzNdcVszzCxGec7KerSWwSQ8uDPDBtvV7",{},"","",""
"15KLPJkuuVrjcxEXX2cYP1cYdggtWFg4zmYVAvdvo3jeTTo9",{},"","",""
"15LsoVch2EpmkdXyb2wHsAWw2cZK6re2rwUd8mrd3Pta6SRN",{},"","",""
"15MrU2739SvEc8AUXe4HR3FnoratBxRXA7oJMXedvcz1F6hq",{},"","",""
"15PaZwxGxSDtx3sgMByTxEzJSHeng5UW4N6uu8aEAZWcQxr3",{},"","",""
"15QM3wPtA452jSbo6wVGEhDZEjVveypVSMYjPjo9jNS6DxyB",{},"","",""
"15QNS6ZDTqd6DeHNdHihcrpoA1R824ituiPGffxRW2zfc8US",{},"","",""
"15SN9iNKxCJJjQ5f6JXEDxiaS6bRHxxTZtsfm3wCSSjyoENg",{},"","",""
"15TBFmf446DMSptES19SC97yLbJXjePZRkoeysFyX7nbvZ7k",{},"","",""
"15TzZpYZa2rwfBNKhkDzuU1JApgACxD3m6pcaNt4SZneYTV5",{},"","",""
"15Un2AyaqUa46UvCkzAsijBy6dwyrCiF7rkVyKnT6WZqosB4",{},"","",""
"15V2Rfi6METM3FJpZJH5QVM3WYHEmNLcQ52FcMPYTtdTipA4",{},"","",""
"15V75NT7bvs9YuVF6NTJynpTCswRshzwvcqPJZoaEJsBVxHi",{},"","",""
"15VPagCVayS6XvT5RogPYop3BJTJzwqR2mCGR1kVn3w58ygg",{},"","",""
"15VWkg5fURyGcettxaJk6jRXcPciKqHyLCstLwdbcRHUCynK",{},"","",""
"15VgqbuZGdwrpGjKkJMA9nE2gqLMHyQpWmE7k6dc4fQdRMXa",{},"","",""
"15VmrRmgPhKMfBanjS5ei4dCcVL54GMLCfnVRryynSYzvyys",{},"","",""
"15XF37GkxgRJakURR4jycdrJnqWQctT5yUPzqLn81TZmwBDF",{},"","",""
"15XowmkuVq1JwToSFzQ7reHomLobBtA9Zj5Lp6s9amdChFyw",{},"","",""
"15YLDvV6Q2NUVEFBN26kRgHyyeH1Bu91NKTwBg3xW3hEVfoj",{},"","",""
"15ZzLCvcrZXDCddQnUGgzNUcMkSK4PugKdraQp8pFawoDWz1",{},"","",""
"15aPQ8NRfgTHhMV436JZeVGQTCAQrCak7mGCDP3inJjRpV57",{},"","",""
"15aSnCUARuwBoLYn6nkFj5ap2DUfRmKcXJaAotfVwvVQxNK3",{},"","",""
"15aVbh9j99DyEJo9pYDs6UMB25ybHAteb4xmjnXkiBx855Qo",{},"","",""
"15akZwzufEzFzfh18y4Q81Ci8TXyvH6hyUkRrxJED2MjEYhe",{},"","",""
"15cZn8K1DaE7qiBWK6mGFJMKYKjFrALTVwe5urpD9PzKSsPY",{},"","",""
"15cfSaBcTxNr8rV59cbhdMNCRagFr3GE6B3zZRsCp4QHHKPu",{},"","",""
"15dQKFdDd3F7jaf7t9LAYjiqw92y1E9g71jXdmexoXPpoKsk",{},"","",""
"15db5ksZgmhWE9U8MDq4wLKUdFivLVBybztWV8nmaJvv3NU1",{},"","",""
"15fHj7Q7SYxqMgZ38UpjXS8cxdq77rczTP3JgY9JVi5piMPN",{},"","",""
"15fJsFoLqasgdo3BsYAFDKpa6drBv5EcVM8ZXYDeKVKayQyz",{},"","",""
"15fTH34bbKGMUjF1bLmTqxPYgpg481imThwhWcQfCyktyBzL",{},"","",""
"15fvwi77dujPz9Mk9U792gNa2Mg5z6489DPwErwCZwu7EpLE",{},"","",""
"15fzqKuddRhMt95BAh5DeEeh8vkLegWijAx1M8D7EX8EPoMF",{},"","",""
"15gKrjRAmtn6tf6S94kSoqsc884yqKhAujvmq7y1oouGrBVm",{},"","",""
"15hmSqyRkSW7BSKXWkosqA2KY3SULFksdqAQK8eLY9X6VEiA",{},"","",""
"15ho9t317QDvod18gCoTNe9yoiMjTXHwVxd5RC2iWyzEEby1",{},"","",""
"15iGkYi8K2ADth8TS9h1sxCKrTKxuhXtxKSvR4o1J4hwfzqs",{},"","",""
"15iUGwXWEykiMtQLVrHjCVRyZ5cwWHezAzFb9Jd4DVA7qxHt",{},"","",""
"15ijQpvJCQU8kHMx392o9cGuiGvZe1kjU7FNS3hLzmMwx5vR",{},"","",""
"15itheTr68cx3GneVB3seSngaWc5SD6Ev5rZrVhqWfqDFLP8",{},"","",""
"15ixta6FiXTBE8gXCTUNP3ahdYWcTuateHgB2czGg5EGDVMA",{},"","",""
"15j1m1Lu8en7t74pmc9hHPwtLFpRkvuqGfwSbupy3z7j4YCC",{},"","",""
"15kRV1Ykv4fssUvhNnsf96YS6HXnbVVVjzWuLwSBxWLR944N",{},"","",""
"15kgSF6oSMFeaN7xYAykihoyQFZLRu1cF5FaBdiSDHJ233H5",{},"","",""
"15m9iGPGPDzcdgRZUvQQPAD8YFho7QWFfT5tcvVHfh22Ti3x",{},"","",""
"15mAbCUcBa7jT8Rak8j7hC5w9jUM8b7LFUuhp9nENqmtehLn",{},"","",""
"15mXN5E3gn14t3etvcGHGfR4zL9WNoCBGCu9rJJiERqjePY8",{},"","",""
"15oQVDJKd4zLzUvkTnan34v1VPRguduo1uEfs9GnvKjD6Yng",{},"","",""
"15oXuEfGte2HPoxxWwz18er7LNFuLNEdXtNNk53dggkfFgCR",{},"","",""
"15oXzySe6tjF2MumHfUodH8pFQWjy2hraRmXUJXXMKKY6p3F",{},"","",""
"15ouFh2SHpGbHtDPsJ6cXQfes9Cx1gEFnJJsJVqPGzBSTudr",{},"","",""
"15qz4ZLeyXp1i4Jbx7AXiUQVCCLWVXu3dLjcTPHY3v9KGAvL",{},"","",""
"15rYBV5YwGmhzee5PWqrnQtb2HhwWP2rK2f4cLMhFfcNdPZL",{},"","",""
"15roJ4ZrgrZam5BQWJgiGHpgp7ShFQBRNLq6qUfiNqXDZjMK",{},"","",""
"15tHDdPic4Dy1cdNYH1azAWmC72iLarkmhPncXTL18aBQbMt",{},"","",""
"15tQ5joTz2nywZ4UgPYWDMN522s91W7yTmhvV1rp4hpVhZT3",{},"","",""
"15tZKWzhNFM1dpjKvjt4cYhZ9uJKyEZ6McrqwtYFwCVG8XUh",{},"","",""
"15uJb5EtttE7SUgBLDZKByV6S5YD4uyV7Zm1McYx4VGsBV44",{},"","",""
"15wEWgavv9XLNE5yjqEropkw1tPsp9Qps8yTxPRj1iAStaNA",{},"","",""
"15wbv2fXuFoeRcrWK4Q1Y5oM9LfsJyGmMXaUWDoAWXpZzWSp",{},"","",""
"15wuStiU3csCRdJgbztubxFFSpsdhRApUzmKWtBderKtd43G",{},"","",""
"15wznkm7fMaJLFaw7B8KrJWkNcWsDziyTKVjrpPhRLMyXsr5",{},"","",""
"15yCYoKFUcAZ7UdTe4oGzF4uzNqSaKRaCABu6Ai1jeEBNaC1",{},"","",""
"15ydCCiJb3AfbMQkFHikZxVpg2dUWz58Wtf7ScztD8RRkFAN",{},"","",""
"15yhxUC89ULF3WxvH2P6r4ktWRPhF7r7LtXMaGGADoyVxs2B",{},"","",""
"15ysT6MMauFetH2mUGUiaLeC89KK5rbJATiMSaX9DAuGw7P4",{},"","",""
"15zT5nrMkpK4NdQRCHdpMvLCaU4Mt2ekVP9hXkPzcMwPNEw2",{},"","",""
"162iNUHK1bDoyyX9dxgiM3N5tUnKbzF9mRzyxUjnr8yp1ZEP",{},"","",""
"164sgHLJiH9nhSD62V7k2qfwBgCSWH1UPhnpivQ1GGZLY291",{},"","",""
"1652KhZpWMYKTQKRtDYpqBPGEKVF2PZpR1rx25AJdnjdJHj9",{},"","",""
"165ExvAAGpqxkLMmGP5xWxT5TLQW9ZKboAW9GRGEb1LN3abF",{},"","",""
"165MzmiiedaSM7NAq1PmTAnAPj87rvLVbK4M8W4EniFs99zN",{},"","",""
"167Y6kiaPzkVhYs9YM1q4bB987D4eHRLPAKgRqJpxby8Rv2f",{},"","",""
"167dvm68J4NVD2PfHubWvrR29TsUuHufJA6bgX7xKVEFHQ7q",{},"","",""
"167pG3nrd683Pei5vJEBoTxj8R64DgvJ1PUGXXL2yQYfqFuf",{},"","",""
"167rjWHghVwBJ52mz8sNkqr5bKu5vpchbc9CBoieBhVX714h",{},"","",""
"167vWTbKWmJhWUitgP1hGRZfaActDyZufCVu6vqUzrhQ2pS3",{},"","",""
"169zaxv2BSYaMNNx9nC6MGKLLrBHFS6rVtA7KKuVcwEeVciR",{},"","",""
"16AExTwdZnzJ4UDM1MeQ3cNuetTtFz1yrpYTaVqCNJtmeppK",{},"","",""
"16AjunUasoBZKWkDnHvNEALGUgGuzC92j7LJoLu9qBSUJB2e",{},"","",""
"16AofvGjSVoVQFwheJtwpYAoSJzszsAdbkk3rPx6H2xDmzor",{},"","",""
"16B44UW3iW8MBb7vHACpKriF7NNQ9cw4YMPT5n6wYJzfGySY",{},"","",""
"16CkbzjYiDyDouGZn1y5diYLueqqNQHScFEA7XkK4Mmcj2Mx",{},"","",""
"16CwBowmC6fNyvBGwtZwoKFu8PDjTbd1pMovQRx2UyjhJArK",{},"","",""
"16DNbAdyy6QsTPdDDHL5gt7FaeAQ1UioJA6Pj7aUGJERveFd",{},"","",""
"16DbaGcGH7amSV2zzmsRWafWDMUqAnA17zQ19nejWJDFG54v",{},"","",""
"16DbfLdtuSMsifHnvRFev81YvGAGWnVuQJ4r6NAH9tcSZxWW",{},"","",""
"16Drp38QW5UXWMHT7n5d5mPPH1u5Qavuv6aYAhbHfN3nzToe",{},"","",""
"16FjvFZfimuixGF3zuqhmxq8XefzFGh6a2hoBJHpCTW4hJFK",{},"","",""
"16G7wZerqxib8YMDn3FKVfSMp1hky159JdhcGqHzy65F6RXE",{},"","",""
"16GLrM3qTVVDcpGaofNaJ6CoWE9T52QqKUBF2jaAxqHt8NA2",{},"","",""
"16GZzTYX5po7RyTvB3rkMQXpxmfdTSZ4WK7BW1xmeEb71MM7",{},"","",""
"16HqymHVxdLtK8jtbur7DusQrfLAVEJZfsQijfxVwhQHiTgU",{},"","",""
"16Hw2qwttttQ8tMCPLwnX3wegtsaTYD9gGakKbAHDb9PW3g5",{},"","",""
"16JA2pWJ7rXhKAq9xaCpSvVgWf6MaPLYvtSVpj7ZWjTkhYoB",{},"","",""
"16JGzEsi8gcySKjpmxHVrkLTHdFHodRepEz8n244gNZpr9J",{},"","",""
"16JVrgg7t6m5UXAtDBM7jYp9XjAxALRVFP6GuKVFmi9HLw8d",{},"","",""
"16JWPEVHTt1Xeyhw6WaYeXSKkWZCxhBDXX4LM3EwaBH4uSR1",{},"","",""
"16JZTLHZsKwzL3cPwngDZqbtbK91qWoMFG9fjLh2sxkLCJ9L",{},"","",""
"16Jbv1hckcRFiGWkpuvgcbAToDwcMoEFeBV4jqTfvEXxLA82",{},"","",""
"16JpoofitetnvCCuAVikBmYUKMExewpn1DPA6Dy5PMEz1aYg",{},"","",""
"16LKv69ct6xDzSiUjuz154vCg62dkyysektHFCeJe85xb6X",{},"","",""
"16LXuTtisDKWTFAmt7mhx7ggbLdcsSFVroBMa8w8zu87ePar",{},"","",""
"16Lcg6kZiDywR3YEHDdi6nHQhGnCYTiE2gxQ92DDQq2SZ1PQ",{},"","",""
"16MF8p8KfktKazPiQEqTXJq1CtYuZ9aNrBShXQNRdhckctC5",{},"","",""
"16MJX8HEwhbJwN9LCKLymW812eD9N97c5EkRNVjWzhFTwhBN",{},"","",""
"16MVQPFt325pJ74bYpCGUWjyANFDZFZP3efYyV6XReAd1Sq1",{},"","",""
"16MicRbY5KkHP8oAehmHEfssM5h4t7sbVhGprqVxV3uV3Yc5",{},"","",""
"16PGHVr294cDbrxF8zBU5Abpmy12Xu29XmGVo9i2VPuEDEZv",{},"","",""
"16Q4cR5vHLkoNqtqCZcdeKnZhY9a8AiXZAtemRJmMCpeiu82",{},"","",""
"16RyudR8hzyJWyQGNbLbnuf7xD3PianrWQx9jTa92t4JLq4s",{},"","",""
"16SLZvuZsq9UbvFQcXsKbY2XZELPLgiaRd8cWnQ8UaPYfqn1",{},"","",""
"16SQKanFTrN18k9UE8EFbtyeSGNFPjRBg8caVhGoUNL8cdh6",{},"","",""
"16XXocb76BpprdspsR7j5iWFHf4aTMnsVHxgGBXfixs1FFLb",{},"","",""
"16XYgDGN6MxvdmjhRsHLT1oqQVDwGdEPVQqC42pRXiZrE8su",{},"","",""
"16XwBQWYcoA7s85d7JvZ3bLiUjAGmWw4YwHuW3X7K8GMB669",{},"","",""
"16Y5W5TvxaAC91U6Zy1Jp7aFZJ3qzKh3zc7fLELM8tobkehs",{},"","",""
"16YBdgR2NXVfcgVx8vmGimJMo8CFzULktruh1bTDUnY2Ss6Q",{},"","",""
"16ZhiPmAt65atW7uvNSqyK1qitQL4FQUvYz8yYXfV1EGwVP1",{},"","",""
"16Ziip8mK44sh7uKFkZgHbapxoKrRxriZaDdzqNAPW9Wr6x4",{},"","",""
"16Zn4Zn42zpgnDKDErGQWZe5EuQQxUBmv5mDoF6VQCfepCV1",{},"","",""
"16Zw7drubm8LkaoNSPtNBAaoq2bQAL4m7oySPp4RuXvmETDG",{},"","",""
"16ZwocRmk9McUZuyivwovuhHsCWbhSeDS28JwFUsD4AbmXja",{},"","",""
"16aQb7rHLB8UXzd2YSh56vjAELyyq8jYaj5QdAHjVjsA3ey9",{},"","",""
"16aQgRVKfD22NehdzZD2VPoenP2hvx8RS2gUirfk6abiCies",{},"","",""
"16ad3ehm2XsVQbQgqYPxicRB5nGinQU9zEKiCJ7ZVhRN9CyG",{},"","",""
"16agh1vhJ78MiJ7tjuTd9RzreMwBwTEu15x8kCDfJy1xBYUs",{},"","",""
"16cHD3V9UfowtxZfWSVRZm54roEb6sY1jxFBjHXwwqXh4nUM",{},"","",""
"16cJvKeHexXajsDh3cWhQdLDRYuS33mrYwywbR43UgpbobKS",{},"","",""
"16cm11H5g5ZgiaqGL6FYDQVDFGPfujLe8kadQA36BdcTuwRt",{},"","",""
"16dApD2ox2qV2mA3u2xiR72kyAGE7MLbDxepZUFkcSJz3Gmw",{},"","",""
"16dBWtYP2EH91cP6VJRFzPg9CmaY5PzK1LBPVmRRuEYEW5k6",{},"","",""
"16fUfF5mqL3cGGL3ai1CTL45UyNVTBHcbMkmuh5Va5M2yJ5p",{},"","",""
"16fZxnwnnzArZ7SRhSWUcEhGCFk2XDUxD54VqtaKRmr6FhNR",{},"","",""
"16fmk1eTCZB5KeA8PJsfTViVvLELDu5knVMvotAC8XKwsX7d",{},"","",""
"16frLykgLH5w8pNsvzEMTzCESMpLqWJMr4SGJUJQgYniDzdb",{},"","",""
"16fySMeb3fZ7mrgD5oK2txraLw1P4V9mVsrMvEnbR49nERpZ",{},"","",""
"16hWSZio3dVN7Jyfr7WFzw1SpTaTRA6utk71AjCHZZK9ttSu",{},"","",""
"16i8wUS5qNZAP4HJCrP7tzu2Y9bF8TR9sFG4Bysng7NTGDpH",{},"","",""
"16ihePnYtZfCpAF5th2GKQq2N8gAPa3o4D8ikQNUdreTXUjh",{},"","",""
"16k7p9irbUrFHowdz3kiZBQ5TeSsMeUdVRUv3c9TDmodgz56",{},"","",""
"16k8FBUzGaAScYvewFB9g6WGt8Zms9oygPVKt7GioG4gimRp",{},"","",""
"16kXcMxe3sGTWcgbQj5nGdkUtB9RaudkXMe5GBvGuinF968p",{},"","",""
"16kkgkzjyJZL91WaL6GAUJnTZjiaowZcFyHAs5GWCNVqJimJ",{},"","",""
"16m3g8XcFQG885kFdS3PkzGccimjKWQbRBhPXXJoHtPfZrtW",{},"","",""
"16maYYXg9chsfsBVoiSbSWzmFveamERwShPZv3SB5hVnYTmT",{},"","",""
"17GqsgUUk53B4fpKpezVdcDmPMgt2hF3zMYVpauGUv35Rrt",{},"","",""
"17L1abEGisdmSQamtrYvsdsEWhBQiAqSQfjuNYAADYNeivp",{},"","",""
"17SMicTfu1RFH33oQsm9pLVmT6co34skcmTY5ipGNoJjZ4d",{},"","",""
"17VdcY2F3WvhSLFHBGZreubzQNQ3NZzLbQsugGzHmzzprSG",{},"","",""
"18MUxKCjWSMJQcDgsRMyepAWoKoDhHkrp81QDvMfH4PoVqY",{},"","",""
"197nLd2rFoesjmvTfMpkFhHde7ngKzpLaA8xsbdWyeaJwzx",{},"","",""
"19C7X2ayEGaHbRb7obTd7u2crJhYm6W47XpyLC2jQBGdpif",{},"","",""
"19MxtXUSBDnBDwVKUzHGLQ69daUwNHfMeUiqRgmfQ79S9NB",{},"","",""
"19kbHW9DfwsfYx3tnEzC6tBDzd6nLJy1gYqjVSbLZAAe1Mj",{},"","",""
"19nD6sp3VDCskuCwQ88dAcDPBvws5g5kmMb4sD5U4bgW98U",{},"","",""
"1AnamB4ZknHy7knpqevWFjQ7kWtdqLBFWie3AdBZaadEUUV",{},"","",""
"1BaE4uDtReGf9Zgh9U63RdKjpT34QnF3zosotW4AD6LAbUY",{},"","",""
"1Bo4AgY4Ubgk3gyefJ8dNs9fYkSQH4ZdDDmV2pQtXz1DVQo",{},"","",""
"1C42oGF3s8ztCsc22MA4LKd8BogMJNdVmCgtTXGfxqwjrSb",{},"","",""
"1CM4eAY3QFWTPQFNGgvSpPoEAqw1aHA1gmE2atXQ8f4vk1T",{},"","",""
"1CRmVRcQymMpot855oKDq76kF19jJezMMkGcrvHh1ozEqXa",{},"","",""
"1CaXBXVGNbey352w7ydA1A2yDyNQLshycom8Zyj69v5eRNK",{},"","",""
"1EBZ8G69NWwuu1KRFb7mfD7eD5f2xZ7BQkHd6L9fSHzpDGi",{},"","",""
"1EHRUR7YL8aeqeCT4LGFq9qrTpEiH1dCikh3n2j1CSbL2c8",{},"","",""
"1EKRJey3fBmXVZS5CpLkRrEN9HxxYrXKrm7rYTxuTDKKZTz",{},"","",""
"1EpEiYpWRAWmte4oPLtR5B1TZFxcBShBdjK4X9wWnq2KfLK",{},"","",""
"1F1cVT5vZmy7Bvh9RM6HqMe9ie1KEM4yvimyPZYjfSWG4v4",{},"","",""
"1Gu7GSgLSPrhc1Wci9wAGP6nvzQfaUCYqbfXxjYjMG9bob6",{},"","",""
"1HEYRDqQSTM98A8uRgz7kG6TE5kjjFq99qMD13C5ggjqKWe",{},"","",""
"1HGnvAkk9nbfZ58CzUJhjcrLdEDMkr5qNkqqYkyD5BF5v6Y",{},"","",""
"1HPKZzzd9nyr2DdvtPxytNMZm3Ld5nh3BBY4Ecgg9JxgL7G",{},"","",""
"1HomBzZwkpQjhm3e9hQJ2AVFPmV4Ppon9ycCo91bh88xmGn",{},"","",""
"1HzwKkNGv4gdWq4ds1C5k63u8hvmjC6ULneAaZbwUBZEauF",{},"","",""
"1L3j12S8rmd5GvJsxzBQzFKypYX5yV2kLrPJhacUYVrLvus",{},"","",""
"1LX9m9Ee8u653hU1sxvvRNpV1ZjYExa7K8r9zjDws9GDLvp",{},"","",""
"1LboBQLsa1iTpGzZvXcSd5VF7jfUYf6MzPNoRy2HT9D9FNk",{},"","",""
"1MzjtqgzfS8gDi7p9W2yxv8NrwmwSnho19PLSsWtSqJzyck",{},"","",""
"1NFfEH3yspdEgLnhZ5QWgb7B2z5LNCAE3HUo5nDxF5MqTcj",{},"","",""
"1PGiULXMfgmC9DwV7rMUseNa3SxDwae26ZWZmMtXkVSCznp",{},"","",""
"1QgMmM5QyTBVkC9cBNPVQszCTHjCBskFG1pny8zVprPSd1J",{},"","",""
"1QhVP5qzR2LfXqP77N1JcuwHoY7NH8JVRNFm1hSooE9d4pR",{},"","",""
"1QjuTEKebQ3au8bxQC6iwYSPCA2iZn3YHwX8VABCauKtwRk",{},"","",""
"1Qrotkokp6taAeLThuwgzR7Mu3YQonZohwrzixwGnrD1QDT",{},"","",""
"1R47BQXKguCHASHYPYyXgkiD3uepGADm715mgZxZ9aNccAL",{},"","",""
"1RVe7FHwgGZVKcGWm4NQ2TVK3u9R7xxDADiGE2y5fx2heTH",{},"","",""
"1RYjrCKUmvM8D9QDKCNbWJYUe49h6ZfkgXvEAtkHgvzxbGB",{},"","",""
"1TQ1o4YEEKicmZy295h5CJLzwwcQEFs1idNCdBqSr8uvAYc",{},"","",""
"1TThi9nvXmyHiq3s53YdZbDMAzddj12un7zfc6dEpkgm4MF",{},"","",""
"1ThiBx5DDxFhoD9GY6tz5Fp4Y7Xn1xfLmDddcoFQghDvvjg",{},"","",""
"1TtCbdG7LjYwry8bYK6zV3xq2XAnXod4jf2htxH2NE1Wf2Q",{},"","",""
"1WgB9o954mkQi97f36azSwDt7SfRUQuJ1kCyb7Sv1WAUcSe",{},"","",""
"1WmPE1X9Ykpb7QcVamPtUSRjEZy2GMDeTm5N72DyXYiqMCo",{},"","",""
"1YyWb1gLV1acLvqy4cSQEyR1jkqHRE3p2bQ6mfqDvPtv9F2",{},"","",""
"1ZCLKvw6gDhghT1SVgqpQvvE4kEFCEbZeMVrVbYRAELctue",{},"","",""
"1ZKQxXJC4731Qq7EHNAddaQRdV37qLYMftbE9PN1T9hu2sU",{},"","",""
"1ZSPR3zNg5Po3obkhXTPR95DepNBzBZ3CyomHXGHK9Uvx6w",{},"","",""
"1ZTGLab6NqXtggd2ff2N9oKbPuQjbeu6P78MCFb3XDc9SjT",{},"","",""
"1ZTGLabz7UppZHbMMSgf9RJegJfUmsBpn9sQdzEVtYQBUVq",{},"","",""
"1ZUG7957Gfidjgm6sg4EZfFtKpJLXSWDRY7o5d1JGKJLoMM",{},"","",""
"1ZVYsze5Ls3osofU6wWSp5dphr62Rj7YiL4NsXiZU3a298F",{},"","",""
"1ZebzHrCP2rqScFEL2T1pczs7SGL49wbzyJ9c5Em7Xmsj9L",{},"","",""
"1bqBkjrbVc6nFbpZ2oqnbEKAs99CYSf2XVAwtGVWBRxDvNY",{},"","",""
"1bqU7xaS22uQMxb8xnsafNc7Mt6MW4J2wtwdTz9GdckmG78",{},"","",""
"1dsrQjL34njJ4Y8FXGyxeLnmunPZ6XAvid9jSQe9S4pTUh2",{},"","",""
"1dwxEFdaRzBF1fpZqbXz71nLhJHvPi6a8eETjPSyC3Wrvom",{},"","",""
"1eGtATyy4ayn77dsrhdW8N3Vs1yjqjzJcintksNmScqy31j",{},"","",""
"1eK9SC7Z2QFi4es2aKQHAehcZqY7bEiprkpsT483PvVK8KE",{},"","",""
"1eTPAR2TuqLyidmPT9rMmuycHVm9s9czu78sePqg2KHMDrE",{},"","",""
"1eUsBZgJuvpmVNBrBSRQ9gjPTuH6QMAnQrdwQ1ZXwa5FEvo",{},"","",""
"1f1wZcBaJrPHkBkzx2S7KXFbjtT7KMg7fDaV47P6157KRWo",{},"","",""
"1fN87Fgj5BUhezFgbLiGbXTMrBVggnmYBX9anzMBky8KaJ5",{},"","",""
"1got2QxVB1mdnWHZ5onsNaHD7u8R6G3B9wGmC5a43iCXHjr",{},"","",""
"1hCMdtRsaRA4ZTEKpPKPvEjK9rZpGhyFnRHSDhqFMCEayRL",{},"","",""
"1hFmn2CuqXqxHgKDqqs2xRBpsPkiRXzJfcLbfDgsW7qgmpA",{},"","",""
"1hYiMW8KSfUYChzCQSPGXvMSyKVqmyvMXqohjKr3oU5PCXF",{},"","",""
"1hzs7HJ4teyvX9cwFsxCaJBSNQcPAWHixQT4fem5h66cogb",{},"","",""
"1ikVVhD9kqKtw2ixQTqsX9qH8jJBMmVcLJiSSfVuwHDcF73",{},"","",""
"1j5YyEGdcPd9BxkzVNNjKkqdi5f7g3Dd7JMgaGUhsMrZ6dZ",{},"","",""
"1jJGNz4UbFju4WX6qtytoPbqm98PETaU13hfc1pXRmJXRca",{},"","",""
"1jPw3Qo72Ahn7Ynfg8kmYNLEPvHWHhPfPNgpJfp5bkLZdrF",{},"","",""
"1jRbipHgJButLmid2eW5oVwSkixB56oHepMMSSoB55s3ck6",{},"","",""
"1jdqZ53uEWAVFMGD1FCYsUyu4BpqrbgwRw2NpKpPPPQEG2z",{},"","",""
"1jrZeromusGxUNgXncA6XbdWJCpbjZs6HZZjczeEZ97sK2S",{},"","",""
"1k5ddMCPuLbu9Hax12EdKRmPwGigUKQW1ab6tRAWPxKygRF",{},"","",""
"1njGozmydXftj6KYFPGLPN7Qq3kgmFqxsRdF5hWJAschp1S",{},"","",""
"1pzhyYR9gLk3GmwRtQESLkJCUXazFsAESgcbTRLc9q9hNuy",{},"","",""
"1qAsfc59XsRLiy3DZfc4buS4umW6Q4xaJcWALj1eguZTi75",{},"","",""
"1s2mPd5i2ryNafYRVueZbKSnYFtjbTspaTssjctDWL3qNJT",{},"","",""
"1soESeTVLfse9e2G8dRSMUyJ2SWad33qhtkjQTv9GMToRvP",{},"","",""
"1t67YMM4myXZ745px9a8PNWhU8FMyYJf5uXGowuwSAnp4x8",{},"","",""
"1uamkTsQk6TwVAm6FvD7optu9fDPUh7GojEc2mZHym13Kcf",{},"","",""
"1uePqqyCfwtvdVW3n1yybWhWM3f2aZFRQ2Bmzb4DB5RZD9g",{},"","",""
"1vKsYeVs6GicmZ7wMxAzPSCNmnri88ztqo6FJKvgRH7Eixd",{},"","",""
"1wzZiegQfdppPw7Ag3vhhXbYuw47uJLJ5G6eXcKc6feTS5x",{},"","",""
"1xGrVAzbHfUfxFMRhUsDKWFcJNf1XMSNE2UqRjkYyFhrnqt",{},"","",""
"1xgDfXcNuB94dDcKmEG8rE9x9JVoqozCBnnitkN9nAe3Nyx",{},"","",""
"1xkvD92Dr5STPK7GHZpXYVyd7RAMPYsDxrRXurqc6vhm2AK",{},"","",""
"1yCg8NSCgjS4K5KDK5DZGhxUCxmgVyhyG6vBPn5wqUmLuYo",{},"","",""
"1zhukWzj6pTskKUhDmyCaoJLuaHp5AVMDn5uLoNXTrw2gDR",{},"","",""
"1zprM4mMhp8hzJrYxrf5fUEjerGoL23VoC8uKkTjVWsK3MG",{},"","",""
